<?xml version="1.0" encoding="UTF-8"?>
<m><p s="2" t="Sentences"><ej a1="0" a2="0" a3="w1">What do you have in black suede jackets, size 42?</ej><cj>你们这有42号的黑色夹克吗？</cj><ej a1="0" a2="1" a3="w1">The closest I have is a 40.</ej><cj>只剩下40号的了。</cj><ej a1="0" a2="2" a3="w1">Do you think you’ll be getting any more in?</ej><cj>你们还会再进货吗？</cj><ej a1="0" a2="3" a3="w1">No, but they might have them at our other stores.</ej><cj>不会，不过我们其他分店应该有号。</cj><ej a1="0" a2="4" a3="w1">I’m trying to find a blue sweater in extra large.</ej><cj>我想找一件蓝色的加大号的毛衣。</cj><ej a1="0" a2="5" a3="w1">We have your size, but not in that color.</ej><cj>我们有您的号，但是不是蓝色的。</cj><ej a1="0" a2="6" a3="w1">Can you order one for me?</ej><cj>我能预订吗？</cj><ej a1="0" a2="7" a3="w1">I like the yellow pants in the window.</ej><cj>我喜欢橱窗中的那条黄色裤子。</cj><ej a1="0" a2="8" a3="w1">Oh, yes. It is very nice. Wait a minute please. I’m going to get them for you.</ej><cj>哦，是的。很漂亮。请稍等一下，我去给你拿来。</cj><ej a1="0" a2="9" a3="w1">This sweater shows your figure off nicely.</ej><cj>这件毛衣把你的身材很好地衬托出来了。</cj><ej a1="0" a2="10" a3="w1">I’d like a long-sleeved shirt in red, medium.</ej><cj>我想买一件红色的长袖衫，中号的。</cj><ej a1="0" a2="11" a3="w1">I think we’re out of your size.</ej><cj>中号的我们已经卖完了。</cj><ej a1="0" a2="12" a3="w1">Check back next week.</ej><cj>你下周再过来看看。</cj><ej a1="0" a2="13" a3="w1">I’m looking for a navy blue raincoat, size 38.</ej><cj>我想找一件海军蓝的雨衣，38号的。</cj></p><p s="2" t="01 Going Shopping"><ej a1="1" a2="14">01 Going Shopping</ej><cj>去逛街</cj><ej a1="0" a2="15" a3="w2">Hey, Lily, are you free?</ej><ej a1="0" a2="16" a3="w3">Sure, what’s up?</ej><ej a1="0" a2="17" a3="w2">I just want to ask if you’re free this Friday?</ej><ej a1="0" a2="18" a3="w3">I guess so. Why?</ej><ej a1="0" a2="19" a3="w2">I have to go shopping, which I hate. I’m terrible at picking out clothes! You have great taste, so could you go with me?</ej><ej a1="0" a2="20" a3="w3">Sure.</ej><cj>露茜: 嘿，莉莉，有空吗？</cj><cj>莉莉: 有，怎么了？</cj><cj>露茜: 想问问你这周五有时间吗？</cj><cj>莉莉: 有吧，什么事？</cj><cj>露茜: 我最讨厌买衣服了，根本不会挑，可又不得不去。你的品位那么棒，能跟我一起去吗？</cj><cj>莉莉: 好的。</cj></p><p s="2" t="02 Out of Stock"><ej a1="1" a2="21">02 Out of Stock</ej><cj>缺货</cj><ej a1="0" a2="22" a3="w4">Are you being helped?</ej><ej a1="0" a2="23" a3="m1">No. What do you have in black suede jackets, size 42?</ej><ej a1="0" a2="24" a3="w4">The closest I have is a 40.</ej><ej a1="0" a2="25" a3="m1">Do you think you’ll be getting any more in?</ej><ej a1="0" a2="26" a3="w4">No, but they might have them at our other stores.</ej><cj>苏珊: 有人招呼您吗？</cj><cj>皮特: 没有。你们这有黑色的夹克吗？42号的。</cj><cj>苏珊: 只剩下40号的了。</cj><cj>皮特: 你们还会再进货吗？</cj><cj>苏珊: 不会，不过我们其他分店应该有号。</cj></p><p s="2" t="03 Ordering"><ej a1="1" a2="27">03 Ordering</ej><cj>预订</cj><ej a1="0" a2="28" a3="w1">Is any body waiting on you?</ej><ej a1="0" a2="29" a3="m2">No. I’m trying to find a blue sweater in extra large.</ej><ej a1="0" a2="30" a3="w1">We have your size, but not in that color.</ej><ej a1="0" a2="31" a3="m2">Can you order one for me?</ej><ej a1="0" a2="32" a3="w1">Certainly. Just give me your name and address.</ej><cj>莉莉: 有人招呼您吗？</cj><cj>汤姆: 没有。我想找一件蓝色的加大号的毛衣。</cj><cj>莉莉: 我们有您的号，但是不是蓝色的。</cj><cj>汤姆: 我能预订吗？</cj><cj>莉莉: 当然。请留下您的姓名和地址。</cj></p><p s="2" t="04 Trying on"><ej a1="1" a2="33">04 Trying on</ej><cj>试穿</cj><ej a1="0" a2="34" a3="w5">Lucy, you are growing fast.</ej><ej a1="0" a2="35" a3="w3">Yes, I need a new shirt, a skirt, a vest and a new cap.</ej><ej a1="0" a2="36" a3="w5">All right. Let’s go shopping.</ej><ej a1="0" a2="37" a3="w5">Do you like that green skirt?</ej><ej a1="0" a2="38" a3="w3">No, I don’t. It’s too long.</ej><ej a1="0" a2="39" a3="m2">How about this yellow one?</ej><ej a1="0" a2="40" a3="w3">No, thanks. It’s too short, I think.</ej><ej a1="0" a2="41" a3="w5">Look at that dress, Lucy.</ej><ej a1="0" a2="42" a3="w5">Do you like it?</ej><ej a1="0" a2="43" a3="w3">Yes, I do.</ej><ej a1="0" a2="44" a3="m2">Try it on, please.</ej><ej a1="0" a2="45" a3="w5">Mmm, you look very nice.</ej><cj>妈妈: 露茜，你长得太快了。</cj><cj>露茜: 是的，我需要一件新衬衫，一条裙子，一个背心和一个新帽子。</cj><cj>妈妈: 好吧，我们一起去购物。</cj><cj>妈妈: 你喜欢那条绿裙子吗？</cj><cj>露茜: 不，我不喜欢。它太长了。</cj><cj>售货员: 这件黄色的怎么样？</cj><cj>露茜: 不，谢谢，我认为它太短了。</cj><cj>妈妈: 看那件连衣裙，露茜。</cj><cj>妈妈: 你喜欢它吗？</cj><cj>露茜: 是的，我喜欢它。</cj><cj>售货员: 请试穿一下。</cj><cj>妈妈: 嗯，你看起来很不错。</cj></p><p s="2" t="05 Bargaining"><ej a1="1" a2="46">05 Bargaining</ej><cj>讨价还价</cj><ej a1="0" a2="47" a3="w2">I like the yellow pants in the window.</ej><ej a1="0" a2="48" a3="w4">Oh, yes. It is very nice. Wait a minute please. I’m going to get them for you.</ej><ej a1="0" a2="49" a3="w2">May I try it on?</ej><ej a1="0" a2="50" a3="w4">Of course, please!</ej><ej a1="0" a2="51" a3="m3">Oh! This sweater shows your figure off nicely.</ej><ej a1="0" a2="52" a3="w4">This dress looks nice on you.</ej><ej a1="0" a2="53" a3="w2">Yes, it seems to fit well. How much do I owe you?</ej><ej a1="0" a2="54" a3="w4">It costs 100 dollars.</ej><ej a1="0" a2="55" a3="w2">This is nice, but I suppose it’s too expensive.</ej><ej a1="0" a2="56" a3="m3">Can you come down a bit?</ej><ej a1="0" a2="57" a3="w2">I can’t give you more than$35, can you sell it for that?</ej><ej a1="0" a2="58" a3="w4">We are practically giving this away.</ej><ej a1="0" a2="59" a3="w2">Thank you so much.</ej><ej a1="0" a2="60" a3="w4">Not at all, Miss, please come again.</ej><cj>劳拉: 我喜欢橱窗中的那条黄色裤子。</cj><cj>店员: 哦，是的，很漂亮，请稍等一下，我去给你拿来。</cj><cj>劳拉: 我试穿一下可以吗？</cj><cj>店员: 当然，请。</cj><cj>皮特: 喔！这件毛衣把你的身材很好地衬托出来了。</cj><cj>店员: 这件衣服穿在你身上不错。</cj><cj>劳拉: 是啊，好像蛮合身的。多少钱？</cj><cj>店员: 这件定价为100美元。</cj><cj>劳拉: 这东西不错，但是我觉得它太贵。</cj><cj>皮特: 你可以便宜一点吗？</cj><cj>劳拉: 我顶多能出35美元，这个价钱你肯卖吗？</cj><cj>店员: 我们简直是在白白送人了。</cj><cj>劳拉: 非常谢谢你。</cj><cj>店员: 不用客气，小姐，请下次再度光临。</cj></p></m>
